insert into Customer (ssn, C_name, C_Address) values ('842996385', 'Johnath Warlowe', '4 Lyons Trail');
insert into Customer (ssn, C_name, C_Address) values ('256241779', 'Bone Jerrams', '9855 Bowsnman Place');
insert into Customer (ssn, C_name, C_Address) values ('895905523', 'Laurette Lytton', '45 Macpherson Place');
insert into Customer (ssn, C_name, C_Address) values ('238613656', 'D''arcy Kinker', '502 Towne Alley');
insert into Customer (ssn, C_name, C_Address) values ('510047379', 'Cory Gentry', '648 Fremont Alley');
insert into Customer (ssn, C_name, C_Address) values ('556710917', 'Randi Ewer', '77913 Charing Cross Terrace');
insert into Customer (ssn, C_name, C_Address) values ('492968859', 'Illa Digwood', '19659 Golf Course Terrace');
insert into Customer (ssn, C_name, C_Address) values ('739998882', 'Bartram MacAllen', '805 Elmside Junction');
insert into Customer (ssn, C_name, C_Address) values ('664297864', 'Mattie Watt', '163 Grim Lane');
insert into Customer (ssn, C_name, C_Address) values ('206993183', 'Osbourn Blackstock', '236 Ramsey Terrace');
insert into Customer (ssn, C_name, C_Address) values ('770518647', 'Burg Mott', '7510 Shopko Court');
insert into Customer (ssn, C_name, C_Address) values ('751783694', 'Tristan Langston', '4621 Troy Hill');
insert into Customer (ssn, C_name, C_Address) values ('540287041', 'Ransom Spaule', '7273 Park Meadow Trail');
insert into Customer (ssn, C_name, C_Address) values ('151782413', 'Rori Leak', '6460 Schlimgen Center');
insert into Customer (ssn, C_name, C_Address) values ('333729051', 'Etheline Ormerod', '61818 Moulton Road');
insert into Customer (ssn, C_name, C_Address) values ('122838595', 'Laurena Heak', '09617 Sauthoff Alley');
insert into Customer (ssn, C_name, C_Address) values ('406079061', 'Yvon A''Barrow', '8 Westport Terrace');
insert into Customer (ssn, C_name, C_Address) values ('733490477', 'Binni Falkous', '2519 Becker Parkway');
insert into Customer (ssn, C_name, C_Address) values ('425566236', 'Almeta Berling', '1 Grover Plaza');
insert into Customer (ssn, C_name, C_Address) values ('729951484', 'Aaren Stuffins', '1897 Starling Circle');


insert into Address (location_name, zipcode, city) values ('4 Lyons Trail', '48832', 'CLARK');
insert into Address (location_name, zipcode, city) values ('9855 Bowsnman Place', '59588', 'CLARK');
insert into Address (location_name, zipcode, city) values ('45 Macpherson Place', '62343', 'CLARK');
insert into Address (location_name, zipcode, city) values ('502 Towne Alley', '70102', 'CHERRY HILL');
insert into Address (location_name, zipcode, city) values ('648 Fremont Alley', '53704', 'CHERRY HILL');
insert into Address (location_name, zipcode, city) values ('77913 Charing Cross Terrace', '87666', 'CHERRY HILL');
insert into Address (location_name, zipcode, city) values ('19659 Golf Course Terrace', '85290', 'CLARK');
insert into Address (location_name, zipcode, city) values ('805 Elmside Junction', '63453', 'CLIFTON');
insert into Address (location_name, zipcode, city) values ('163 Grim Lane', '35435', 'CLIFTON');
insert into Address (location_name, zipcode, city) values ('236 Ramsey Terrace', '53305', 'EDISON');
insert into Address (location_name, zipcode, city) values ('7510 Shopko Court', '94790', 'EDISON');
insert into Address (location_name, zipcode, city) values ('4621 Troy Hill', '12117', 'CLIFTON');
insert into Address (location_name, zipcode, city) values ('7273 Park Meadow Trail', '01220', 'FANWOOD');
insert into Address (location_name, zipcode, city) values ('6460 Schlimgen Center', '38180', 'ELIZABETH');
insert into Address (location_name, zipcode, city) values ('61818 Moulton Road', '44477', 'FANWOOD');
insert into Address (location_name, zipcode, city) values ('09617 Sauthoff Alley', '17629', 'ELIZABETH');
insert into Address (location_name, zipcode, city) values ('9 Lukken Drive', '86546', 'FORT LEE');
insert into Address (location_name, zipcode, city) values ('8 Westport Terrace', '47329', 'FORT LEE');
insert into Address (location_name, zipcode, city) values ('2519 Becker Parkway', '93561', 'FRANKLIN PARK');
insert into Address (location_name, zipcode, city) values ('1 Grover Plaza', '89347', 'FRANKLIN PARK');
insert into Address (location_name, zipcode, city) values ('1897 Starling Circle', '85116', 'GREENWICH');

insert into CSM_Order (Order_ID, Product , Weight , Source_Zipcode, Destination_Zipcode, Sender_SSN, Reciver_SSN) values (1, 'Saline', '85', '48832', '59588', '842996385', '256241779');
insert into CSM_Order (Order_ID, Product , Weight , Source_Zipcode, Destination_Zipcode, Sender_SSN, Reciver_SSN) values (2, 'Norethindrone Acetate', '74', '62343', '70102', '895905523', '238613656');
insert into CSM_Order (Order_ID, Product , Weight , Source_Zipcode, Destination_Zipcode, Sender_SSN, Reciver_SSN) values (3, 'Escitslopram', '96', '87666', '53704', '556710917', '510047379');
insert into CSM_Order (Order_ID, Product , Weight , Source_Zipcode, Destination_Zipcode, Sender_SSN, Reciver_SSN) values (4, 'pioglitazone', '47', '63453', '85290', '739998882', '492968859');
insert into CSM_Order (Order_ID, Product , Weight , Source_Zipcode, Destination_Zipcode, Sender_SSN, Reciver_SSN) values (5, 'EUCALYPTOL', '27', '53305', '35435', '664297864', '206993183');
insert into CSM_Order (Order_ID, Product , Weight , Source_Zipcode, Destination_Zipcode, Sender_SSN, Reciver_SSN) values (6, 'Caffeine', '16', '12117', '94790', '770518647', '751783694');
insert into CSM_Order (Order_ID, Product , Weight , Source_Zipcode, Destination_Zipcode, Sender_SSN, Reciver_SSN) values (7, 'spironolactone', '65', '01220', '12117', '151782413', '540287041');
insert into CSM_Order (Order_ID, Product , Weight , Source_Zipcode, Destination_Zipcode, Sender_SSN, Reciver_SSN) values (8, 'Triclosan', '48', '44477', '85116', '122838595', '333729051');
insert into CSM_Order (Order_ID, Product , Weight , Source_Zipcode, Destination_Zipcode, Sender_SSN, Reciver_SSN) values (9, 'Rhododendron', '56', '86546', '17629', '733490477', '406079061');
insert into CSM_Order (Order_ID, Product , Weight , Source_Zipcode, Destination_Zipcode, Sender_SSN, Reciver_SSN) values (10, 'Estradiol', '83', '93561', '47329', '425566236', '729951484');
insert into CSM_Order (Order_ID, Product , Weight , Source_Zipcode, Destination_Zipcode, Sender_SSN, Reciver_SSN) values (11, 'EUCALYPTOL', '27', '38180', '85116', '664297864', '842996385');
insert into CSM_Order (Order_ID, Product , Weight , Source_Zipcode, Destination_Zipcode, Sender_SSN, Reciver_SSN) values (12, 'Caffeine', '16', '53305', '35435', '540287041', '751783694');
insert into CSM_Order (Order_ID, Product , Weight , Source_Zipcode, Destination_Zipcode, Sender_SSN, Reciver_SSN) values (13, 'spironolactone', '65', '62343','47329', '151782413', '733490477');
insert into CSM_Order (Order_ID, Product , Weight , Source_Zipcode, Destination_Zipcode, Sender_SSN, Reciver_SSN) values (14, 'Triclosan', '48', '59588', '85116', '664297864', '333729051');
insert into CSM_Order (Order_ID, Product , Weight , Source_Zipcode, Destination_Zipcode, Sender_SSN, Reciver_SSN) values (15, 'Rhododendron', '56', '47329', '85116', '540287041', '406079061');
insert into CSM_Order (Order_ID, Product , Weight , Source_Zipcode, Destination_Zipcode, Sender_SSN, Reciver_SSN) values (16, 'Estradiol', '83', '47329', '01220', '733490477', '729951484');
insert into CSM_Order (Order_ID, Product , Weight , Source_Zipcode, Destination_Zipcode, Sender_SSN, Reciver_SSN) values (17, 'EUCALYPTOL', '27', '44477', '85116', '664297864', '739998882');
insert into CSM_Order (Order_ID, Product , Weight , Source_Zipcode, Destination_Zipcode, Sender_SSN, Reciver_SSN) values (18, 'Caffeine', '16', '93561', '59588', '729951484', '751783694');
insert into CSM_Order (Order_ID, Product , Weight , Source_Zipcode, Destination_Zipcode, Sender_SSN, Reciver_SSN) values (19, 'spironolactone', '65', '89347', '94790', '664297864', '540287041');
insert into CSM_Order (Order_ID, Product , Weight , Source_Zipcode, Destination_Zipcode, Sender_SSN, Reciver_SSN) values (20, 'Triclosan', '48', '44477', '85116', '122838595', '333729051');

insert into Order_Address (Order_ID, Location_Name, Zipcode) values (1, '9855 Bowsnman Place', '59588');
insert into Order_Address (Order_ID, Location_Name, Zipcode) values (2, '502 Towne Alley', '70102');
insert into Order_Address (Order_ID, Location_Name, Zipcode) values (3, '648 Fremont Alley', '53704');
insert into Order_Address (Order_ID, Location_Name, Zipcode) values (4, '19659 Golf Course Terrace', '85290');
insert into Order_Address (Order_ID, Location_Name, Zipcode) values (5, '163 Grim Lane', '35435');
insert into Order_Address (Order_ID, Location_Name, Zipcode) values (6, '7510 Shopko Court', '94790');
insert into Order_Address (Order_ID, Location_Name, Zipcode) values (7, '4621 Troy Hill', '12117');
insert into Order_Address (Order_ID, Location_Name, Zipcode) values (8, '6460 Schlimgen Center', '38180');
insert into Order_Address (Order_ID, Location_Name, Zipcode) values (9, '09617 Sauthoff Alley', '17629');
insert into Order_Address (Order_ID, Location_Name, Zipcode) values (10, '8 Westport Terrace', '47329');
insert into Order_Address (Order_ID, Location_Name, Zipcode) values (11, '1897 Starling Circle', '85116');
insert into Order_Address (Order_ID, Location_Name, Zipcode) values (12, '163 Grim Lane', '35435');
insert into Order_Address (Order_ID, Location_Name, Zipcode) values (13, '8 Westport Terrace', '47329');
insert into Order_Address (Order_ID, Location_Name, Zipcode) values (14, '1897 Starling Circle', '85116');
insert into Order_Address (Order_ID, Location_Name, Zipcode) values (15, '1897 Starling Circle', '85116');
insert into Order_Address (Order_ID, Location_Name, Zipcode) values (16, '7273 Park Meadow Trail', '01220');
insert into Order_Address (Order_ID, Location_Name, Zipcode) values (17, '1897 Starling Circle', '85116');
insert into Order_Address (Order_ID, Location_Name, Zipcode) values (18, '9855 Bowsnman Place', '59588');
insert into Order_Address (Order_ID, Location_Name, Zipcode) values (19, '7510 Shopko Court', '94790');
insert into Order_Address (Order_ID, Location_Name, Zipcode) values (20, '1897 Starling Circle', '85116');


insert into Carrier ( Carrier_Code, Carrier_Name) values ( '6760', 'Kautzer Inc');
insert into Carrier ( Carrier_Code, Carrier_Name) values ( '4942', 'Kling LLC');
insert into Carrier ( Carrier_Code, Carrier_Name) values ( '3568', 'Upton-Okuneva');
insert into Carrier ( Carrier_Code, Carrier_Name) values ( '1964', 'Kautzer-Frami');
insert into Carrier ( Carrier_Code, Carrier_Name) values ( '3131', 'O''Kon-McClure');
insert into Carrier ( Carrier_Code, Carrier_Name) values ( '8189', 'Boyer-Ruecker');
insert into Carrier ( Carrier_Code, Carrier_Name) values ( '2438', 'Purdy-Koelpin');
insert into Carrier ( Carrier_Code, Carrier_Name) values ( '1269', 'Walsh and Sons');
insert into Carrier ( Carrier_Code, Carrier_Name) values ( '9307', 'Ziemann Group');
insert into Carrier ( Carrier_Code, Carrier_Name) values ( '6051', 'Lehner-Beer');
insert into Carrier ( Carrier_Code, Carrier_Name) values ( '5982', 'Kunde, Cole and Spencer');
insert into Carrier ( Carrier_Code, Carrier_Name) values ( '9408', 'Kuhn, Collier and Ziemann');
insert into Carrier ( Carrier_Code, Carrier_Name) values ( '3112', 'Hintz-Marquardt');
insert into Carrier ( Carrier_Code, Carrier_Name) values ( '5921', 'Padberg, Kohler and Kovacek');
insert into Carrier ( Carrier_Code, Carrier_Name) values ( '8599', 'Bednar, Rippin and Thiel');
insert into Carrier ( Carrier_Code, Carrier_Name) values ( '6310', 'Parker, Collier and Rice');
insert into Carrier ( Carrier_Code, Carrier_Name) values ( '7738', 'Schulist-Bode');
insert into Carrier ( Carrier_Code, Carrier_Name) values ( '1098', 'Purdy and Sons');
insert into Carrier ( Carrier_Code, Carrier_Name) values ( '8535', 'Schinner LLC');
insert into Carrier ( Carrier_Code, Carrier_Name) values ( '6915', 'O''Kon-Brekke');

insert into Vehicle  (Vehicle_ID, Source_Zipcode, Destination_Zipcode, Capacity , Since , Carrier_Code) values ('50', '48832', '59588', '1541', 2007,'6760' );
insert into Vehicle  (Vehicle_ID, Source_Zipcode, Destination_Zipcode, Capacity , Since , Carrier_Code) values ('25', '62343', '70102', '1601', 1988, '6760');
insert into Vehicle  (Vehicle_ID, Source_Zipcode, Destination_Zipcode, Capacity , Since , Carrier_Code) values ('03', '87666', '53704', '1767', 1994, '4942');
insert into Vehicle  (Vehicle_ID, Source_Zipcode, Destination_Zipcode, Capacity , Since , Carrier_Code) values ('51', '63453', '85290', '1465', 2007, '3568');
insert into Vehicle  (Vehicle_ID, Source_Zipcode, Destination_Zipcode, Capacity , Since , Carrier_Code) values ('05', '53305', '35435', '4993', 2012, '1964');
insert into Vehicle  (Vehicle_ID, Source_Zipcode, Destination_Zipcode, Capacity , Since , Carrier_Code) values ('54', '12117', '94790', '1953', 2000, '3131');
insert into Vehicle  (Vehicle_ID, Source_Zipcode, Destination_Zipcode, Capacity , Since , Carrier_Code) values ('04', '01220', '12117', '1293', 2010, '3131');
insert into Vehicle  (Vehicle_ID, Source_Zipcode, Destination_Zipcode, Capacity , Since , Carrier_Code) values ('93', '86546', '17629', '1516', 2001, '8189');
insert into Vehicle  (Vehicle_ID, Source_Zipcode, Destination_Zipcode, Capacity , Since , Carrier_Code) values ('06', '93561', '47329', '1126', 2007, '2438');
insert into Vehicle  (Vehicle_ID, Source_Zipcode, Destination_Zipcode, Capacity , Since , Carrier_Code) values ('84', '38180', '85116', '1949', 1996, '1269');
insert into Vehicle  (Vehicle_ID, Source_Zipcode, Destination_Zipcode, Capacity , Since , Carrier_Code) values ('52', '53305', '35435', '1129', 1998, '9408');
insert into Vehicle  (Vehicle_ID, Source_Zipcode, Destination_Zipcode, Capacity , Since , Carrier_Code) values ('85', '62343', '47329', '1171', 2003, '5982');
insert into Vehicle  (Vehicle_ID, Source_Zipcode, Destination_Zipcode, Capacity , Since , Carrier_Code) values ('35', '59588', '85116', '1707', 1967,  '6051');
insert into Vehicle  (Vehicle_ID, Source_Zipcode, Destination_Zipcode, Capacity , Since , Carrier_Code) values ('36', '47329', '85116', '1603', 1995, '9307');
insert into Vehicle  (Vehicle_ID, Source_Zipcode, Destination_Zipcode, Capacity , Since , Carrier_Code) values ('74', '47329', '01220', '1454', 2005, '5982');
insert into Vehicle  (Vehicle_ID, Source_Zipcode, Destination_Zipcode, Capacity , Since , Carrier_Code) values ('29', '44477', '85116', '1861', 1996, '5982');
insert into Vehicle  (Vehicle_ID, Source_Zipcode, Destination_Zipcode, Capacity , Since , Carrier_Code) values ('30', '93561', '59588', '1023', 2009,  '6051');
insert into Vehicle  (Vehicle_ID, Source_Zipcode, Destination_Zipcode, Capacity , Since , Carrier_Code) values ('76', '89347', '94790', '1462', 2008, '8189');

insert into Transport (Transport_ID, Shipping_Date_Time, Delivery_Date_Time) values (1, '2021-12-14 14:03:41', '2022-01-05 13:19:31');
insert into Transport (Transport_ID, Shipping_Date_Time, Delivery_Date_Time) values (2, '2021-12-06 02:28:22', '2022-01-03 11:36:43');
insert into Transport (Transport_ID, Shipping_Date_Time, Delivery_Date_Time) values (3, '2022-01-16 13:09:54', '2022-01-29 21:38:49');
insert into Transport (Transport_ID, Shipping_Date_Time, Delivery_Date_Time) values (4, '2021-12-19 06:51:34', '2022-01-10 14:26:38');
insert into Transport (Transport_ID, Shipping_Date_Time, Delivery_Date_Time) values (5, '2022-01-24 14:12:02', '2022-01-29 03:15:42');
insert into Transport (Transport_ID, Shipping_Date_Time, Delivery_Date_Time) values (6, '2021-12-22 20:52:44', '2022-02-11 08:05:27');
insert into Transport (Transport_ID, Shipping_Date_Time, Delivery_Date_Time) values (7, '2022-01-06 12:09:10', '2022-02-10 18:37:50');
insert into Transport (Transport_ID, Shipping_Date_Time, Delivery_Date_Time) values (8, '2022-01-19 21:19:33', '2022-02-27 03:32:20');
insert into Transport (Transport_ID, Shipping_Date_Time, Delivery_Date_Time) values (9, '2022-01-30 07:40:26', '2022-02-14 14:28:48');
insert into Transport (Transport_ID, Shipping_Date_Time, Delivery_Date_Time) values (10, '2022-01-09 22:57:52', '2022-01-12 14:19:50');
insert into Transport (Transport_ID, Shipping_Date_Time, Delivery_Date_Time) values (11, '2022-01-21 00:27:29', '2022-01-28 15:14:11');
insert into Transport (Transport_ID, Shipping_Date_Time, Delivery_Date_Time) values (12, '2021-12-19 08:05:59', '2022-02-17 20:30:58');
insert into Transport (Transport_ID, Shipping_Date_Time, Delivery_Date_Time) values (13, '2021-12-09 04:35:07', '2022-01-31 00:39:29');
insert into Transport (Transport_ID, Shipping_Date_Time, Delivery_Date_Time) values (14, '2021-12-06 00:40:23', '2022-02-07 09:47:55');
insert into Transport (Transport_ID, Shipping_Date_Time, Delivery_Date_Time) values (15, '2022-01-06 00:21:03', '2022-02-09 15:27:17');
insert into Transport (Transport_ID, Shipping_Date_Time, Delivery_Date_Time) values (16, '2021-12-09 22:05:28', '2022-02-06 14:07:37');
insert into Transport (Transport_ID, Shipping_Date_Time, Delivery_Date_Time) values (17, '2022-01-26 09:27:01', '2022-02-11 21:39:27');
insert into Transport (Transport_ID, Shipping_Date_Time, Delivery_Date_Time) values (18, '2022-01-29 19:52:46', '2022-02-14 10:16:33');
insert into Transport (Transport_ID, Shipping_Date_Time, Delivery_Date_Time) values (19, '2022-01-02 09:47:55', '2022-01-03 21:30:44');
insert into Transport (Transport_ID, Shipping_Date_Time, Delivery_Date_Time) values (20, '2022-01-02 09:47:55', '2022-01-03 21:30:44');


insert into Shipping (Order_ID, Vehicle_ID, Transport_ID) values (1, '50', 1);
insert into Shipping (Order_ID, Vehicle_ID, Transport_ID) values (2, '25', 2);
insert into Shipping (Order_ID, Vehicle_ID, Transport_ID) values (3, '03', 3);
insert into Shipping (Order_ID, Vehicle_ID, Transport_ID) values (4, '51', 4);
insert into Shipping (Order_ID, Vehicle_ID, Transport_ID) values (5, '05', 5);
insert into Shipping (Order_ID, Vehicle_ID, Transport_ID) values (6, '54', 6);
insert into Shipping (Order_ID, Vehicle_ID, Transport_ID) values (7, '04', 7);
insert into Shipping (Order_ID, Vehicle_ID, Transport_ID) values (8, '93', 8);
insert into Shipping (Order_ID, Vehicle_ID, Transport_ID) values (9, '06', 9);
insert into Shipping (Order_ID, Vehicle_ID, Transport_ID) values (10, '84', 10);
insert into Shipping (Order_ID, Vehicle_ID, Transport_ID) values (11, '52', 11);
insert into Shipping (Order_ID, Vehicle_ID, Transport_ID) values (12, '85', 12);
insert into Shipping (Order_ID, Vehicle_ID, Transport_ID) values (13, '35', 13);
insert into Shipping (Order_ID, Vehicle_ID, Transport_ID) values (14, '36', 14);
insert into Shipping (Order_ID, Vehicle_ID, Transport_ID) values (15, '74', 15);
insert into Shipping (Order_ID, Vehicle_ID, Transport_ID) values (16, '29', 16);
insert into Shipping (Order_ID, Vehicle_ID, Transport_ID) values (17, '30', 17);
insert into Shipping (Order_ID, Vehicle_ID, Transport_ID) values (18, '76', 18);
insert into Shipping (Order_ID, Vehicle_ID, Transport_ID) values (19, '76', 19);
insert into Shipping (Order_ID, Vehicle_ID, Transport_ID) values (20, '29', 20);



insert into Order_Status (Order_ID, Status , time) values (1, 'shipped', '2021-11-18 16:18:10');
insert into Order_Status (Order_ID, Status , time) values (2, 'Order Placed', '2021-11-18 16:18:10');
insert into Order_Status (Order_ID, Status , time) values (3, 'In dispatch', '2021-11-18 16:18:10');
insert into Order_Status (Order_ID, Status , time) values (4, 'In dispatch', '2021-11-18 16:18:10');
insert into Order_Status (Order_ID, Status , time) values (5, 'Waiting to be picked up', '2021-11-18 16:18:10');
insert into Order_Status (Order_ID, Status , time) values (6, 'shipped', '2021-11-18 16:18:10');
insert into Order_Status (Order_ID, Status , time) values (7, 'in shipping', '2021-11-18 16:18:10');
insert into Order_Status (Order_ID, Status , time) values (8, 'received', '2021-11-18 16:18:10');
insert into Order_Status (Order_ID, Status , time) values (9, 'Delivered and Signed','2021-11-18 16:18:10');
insert into Order_Status (Order_ID, Status , time) values (10, 'shipped', '2021-11-18 16:18:10');
insert into Order_Status (Order_ID, Status , time) values (11, 'received', '2021-11-18 16:18:10');
insert into Order_Status (Order_ID, Status , time) values (12, 'in shipping', '2021-11-18 16:18:10');
insert into Order_Status (Order_ID, Status , time) values (13, 'shipped', '2021-11-18 16:18:10');
insert into Order_Status (Order_ID, Status , time) values (14, 'received', '2021-11-18 16:18:10');
insert into Order_Status (Order_ID, Status , time) values (15, 'in shipping', '2021-11-18 16:18:10');
insert into Order_Status (Order_ID, Status , time) values (16, 'shipped', '2021-11-18 16:18:10');
insert into Order_Status (Order_ID, Status , time) values (17, 'in shipping', '2021-11-18 16:18:10');
insert into Order_Status (Order_ID, Status , time) values (18, 'received', '2021-11-18 16:18:10');
insert into Order_Status (Order_ID, Status , time) values (19, 'received', '2021-11-18 16:18:10');
insert into Order_Status (Order_ID, Status , time) values (20, 'shipped', '2021-11-18 16:18:10');



insert into Feedback (Feedback_ID, Description, Rating, Order_ID) values (1, 'Nice', '6', 1);
insert into Feedback (Feedback_ID, Description, Rating, Order_ID) values (2, 'Good', '5', 2);
insert into Feedback (Feedback_ID, Description, Rating, Order_ID) values (6, 'Tracking was so nice', '2', 6);
insert into Feedback (Feedback_ID, Description, Rating, Order_ID) values (7, 'Very Good', '5', 7);
insert into Feedback (Feedback_ID, Description, Rating, Order_ID) values (8, 'Late delivery', '1', 8);
insert into Feedback (Feedback_ID, Description, Rating, Order_ID) values (9, 'Too late', '0', 9);
insert into Feedback (Feedback_ID, Description, Rating, Order_ID) values (10, 'package was broken', '2', 10);
insert into Feedback (Feedback_ID, Description, Rating, Order_ID) values (11, 'bad', '2', 13);
insert into Feedback (Feedback_ID, Description, Rating, Order_ID) values (12, 'poor', '2', 14);
insert into Feedback (Feedback_ID, Description, Rating, Order_ID) values (14, 'delayed by 1 day', '6', 17);
insert into Feedback (Feedback_ID, Description, Rating, Order_ID) values (15, 'Average', '8', 19);


insert into Order_Payment (Order_ID, Payment_ID, Date_Time, Amount) values (1, '1648535', '2021-11-24 04:57:09', '145');
insert into Order_Payment (Order_ID, Payment_ID, Date_Time, Amount) values (2, '1332541', '2021-08-24 20:03:36', '194');
insert into Order_Payment (Order_ID, Payment_ID, Date_Time, Amount) values (3, '1220141', '2021-11-28 19:11:44', '197');
insert into Order_Payment (Order_ID, Payment_ID, Date_Time, Amount) values (4, '1725111', '2020-12-16 09:06:45', '103');
insert into Order_Payment (Order_ID, Payment_ID, Date_Time, Amount) values (5, '1740111', '2021-02-28 06:53:32', '162');
insert into Order_Payment (Order_ID, Payment_ID, Date_Time, Amount) values (6, '1475265', '2021-03-22 04:20:23', '137');
insert into Order_Payment (Order_ID, Payment_ID, Date_Time, Amount) values (7, '1754516', '2021-07-29 04:43:59', '143');
insert into Order_Payment (Order_ID, Payment_ID, Date_Time, Amount) values (8, '1471029', '2021-12-06 23:15:19', '139');
insert into Order_Payment (Order_ID, Payment_ID, Date_Time, Amount) values (9, '1030889', '2021-07-26 08:52:36', '126');
insert into Order_Payment (Order_ID, Payment_ID, Date_Time, Amount) values (10, '1187454', '2021-03-11 11:29:18', '171');
insert into Order_Payment (Order_ID, Payment_ID, Date_Time, Amount) values (11, '1683162', '2021-09-23 05:05:28', '157');
insert into Order_Payment (Order_ID, Payment_ID, Date_Time, Amount) values (12, '1516830', '2021-01-14 15:37:24', '128');
insert into Order_Payment (Order_ID, Payment_ID, Date_Time, Amount) values (13, '1987876', '2021-08-25 18:46:55', '143');
insert into Order_Payment (Order_ID, Payment_ID, Date_Time, Amount) values (14, '1455322', '2021-06-15 01:34:09', '144');
insert into Order_Payment (Order_ID, Payment_ID, Date_Time, Amount) values (15, '1855842', '2021-04-02 20:53:14', '112');
insert into Order_Payment (Order_ID, Payment_ID, Date_Time, Amount) values (16, '1944523', '2021-01-31 09:50:32', '144');
insert into Order_Payment (Order_ID, Payment_ID, Date_Time, Amount) values (17, '1754188', '2021-07-18 03:58:14', '184');
insert into Order_Payment (Order_ID, Payment_ID, Date_Time, Amount) values (18, '1781024', '2021-08-07 23:42:08', '138');
insert into Order_Payment (Order_ID, Payment_ID, Date_Time, Amount) values (19, '1124264', '2021-02-02 09:39:40', '107');
insert into Order_Payment (Order_ID, Payment_ID, Date_Time, Amount) values (20, '1464528', '2021-07-02 23:17:34', '160');

insert into Feedback_Customer (Feedback_ID, SSN ) values (1, '842996385');
insert into Feedback_Customer (Feedback_ID, SSN ) values (2, '895905523');
insert into Feedback_Customer (Feedback_ID, SSN ) values (6, '751783694');
insert into Feedback_Customer (Feedback_ID, SSN ) values (7, '540287041');
insert into Feedback_Customer (Feedback_ID, SSN ) values (8, '333729051');
insert into Feedback_Customer (Feedback_ID, SSN ) values (9, '406079061');
insert into Feedback_Customer (Feedback_ID, SSN ) values (10, '151782413');
insert into Feedback_Customer (Feedback_ID, SSN ) values (11, '151782413');
insert into Feedback_Customer (Feedback_ID, SSN ) values (14, '739998882');
insert into Feedback_Customer (Feedback_ID, SSN ) values (15, '540287041');
insert into Feedback_Customer (Feedback_ID, SSN ) values (12, '333729051');
